1559844136,12.91,0,325,517,311,510,316,528,339,519
1559860021,12.5,0,327,519,312,511,318,531,341,521
1559871528,12.59,0,327,519,313,512,318,531,342,521
1559883474,12.36,0,327,520,313,512,319,531,342,522
1559887474,12.73,0,328,520,313,513,319,532,342,523
1559891494,12.68,0,328,521,314,513,320,533,343,523
1559901723,13.05,0.12,329,521,314,513,321,533,343,523
1559905758,13.47,0.16,330,523,316,515,322,536,345,526
1559916168,13.89,0.28,331,524,316,516,323,537,345,527
1559920127,14.31,0.32,331,523,316,515,323,536,345,526
1559924128,14.26,0.36,333,526,317,518,325,539,347,529
1559928183,13.84,0.4,332,525,317,517,324,538,346,528
1559932265,14.31,0.4,332,525,317,517,324,538,346,528
1559936385,14.36,0.4,332,525,317,517,325,538,346,528
1559944672,14.17,0.4,332,524,316,516,324,538,346,527
1559948727,13.75,0.4,333,525,317,517,325,539,347,529
1559955986,14.22,0.4,333,526,318,518,325,539,347,529
1559960104,14.12,0.4,333,525,317,517,325,539,346,528
1559964281,14.22,0.4,332,525,317,517,325,538,346,528
1559968469,14.12,0.4,332,525,317,517,325,538,346,528
1559972688,14.17,0.4,333,524,317,518,325,539,347,529
1559981027,14.36,0.43,332,524,317,516,324,537,346,527
1559985070,14.41,0.46,333,525,317,517,325,538,347,528
1559989205,14.45,0.49,333,525,317,517,325,538,347,528
1559993265,13.98,0.52,333,525,317,517,326,539,347,529
1559997372,14.45,0.54,333,525,317,517,326,539,347,528
1560001509,14.22,0.57,334,526,318,518,326,540,347,529
1560009877,14.36,0.66,334,526,318,518,326,540,347,529
1560014006,14.22,0.69,333,525,317,517,326,539,347,528
1560030710,14.5,0.69,334,526,318,518,326,540,347,529
1560034824,14.45,0.69,334,526,318,518,326,540,347,529
1560035367,14.12,0.69,334,526,318,518,327,540,348,530
1560046742,14.55,0.69,334,526,318,518,326,540,347,529
1560050781,13.93,0.69,334,526,318,518,326,540,347,529
1560059057,14.36,0.69,333,525,317,517,326,539,347,528
1560063253,14.41,0.69,334,527,318,519,327,541,348,530
1560067378,14.5,0.69,334,526,318,518,326,540,347,529
1560071550,14.6,0.69,333,526,317,517,326,539,347,528
1560075763,14.6,0.69,334,526,318,518,326,540,348,529
1560079977,14.69,0.69,334,526,318,518,326,540,347,529
1560084192,14.65,0.69,333,525,317,517,326,539,347,528
1560088371,14.84,0.69,334,527,319,519,327,541,348,531
1560092586,14.98,0.69,334,527,318,518,327,541,348,530
1560096745,14.89,0.69,334,526,318,518,326,540,347,529
1560100974,14.98,0.69,334,526,318,518,326,540,348,530
1560113502,14.84,0.69,334,526,318,518,326,540,347,529
1560117705,14.84,0.69,334,527,318,518,327,540,348,530
1560121831,14.45,0.69,334,527,318,519,327,541,348,530
1560128964,14.89,0.69,333,525,317,517,325,538,346,528
1560133125,14.84,0.69,334,527,319,519,327,541,349,531
1560137307,14.69,0.69,334,527,318,518,327,540,348,530
1560145739,14.89,0.69,335,527,319,519,327,542,349,531
1560154011,15.13,0.73,335,528,319,520,328,542,349,531
1560158201,14.84,0.78,340,537,324,528,334,553,356,542
1560162424,15.42,0.82,334,527,319,519,327,541,348,531
1560166647,15.08,0.86,334,526,318,518,326,540,347,529
1560170870,15.42,0.91,334,527,318,518,327,541,348,530
1560175125,15.42,0.95,335,528,319,519,328,542,348,531
1560179393,15.47,1.03,335,528,319,520,328,542,349,531
1560183669,15.47,1.08,335,528,319,519,328,542,349,531
1560187990,15.52,1.12,336,529,320,520,329,543,350,533
1560196512,15.27,1.12,335,528,319,520,328,542,349,532
1560200833,15.37,1.12,336,529,319,520,329,543,349,532
1560208864,14.74,1.12,335,528,319,519,328,542,349,531
1560215981,15.13,1.12,336,529,319,520,329,543,350,532
1560228611,14.5,1.12,335,527,318,519,327,541,348,530
1560254064,15.71,1.3,336,528,319,520,329,543,349,532
1560258478,15.71,1.38,335,528,319,519,328,542,349,531
1560262792,15.32,1.43,336,529,319,520,329,543,350,532
1560267242,15.71,1.47,337,530,320,521,330,545,350,534
1560271717,15.13,1.52,342,538,325,529,336,555,357,544
1560275977,15.37,1.56,337,530,320,522,330,545,351,534
1560280247,15.27,1.56,338,531,321,523,331,546,351,535
1560284781,15.76,1.56,338,531,321,522,331,546,352,535
1560297373,15.13,1.56,337,529,320,521,329,544,350,533
1560307066,14.93,1.56,337,530,320,522,330,545,350,534
1560319865,14.84,1.56,338,531,321,522,331,546,351,535
1560324193,15.22,1.56,337,531,321,522,330,546,351,535
1560333178,15.81,1.65,338,532,321,523,331,547,352,536
1560337727,15.47,1.73,338,532,321,523,331,547,352,536
1560346356,15.66,1.82,338,532,321,523,331,548,352,537
1560359214,15.32,1.99,338,532,321,523,331,547,351,536
1560363519,15.13,1.99,338,532,321,523,332,548,352,536
1560367745,15.32,1.99,338,532,322,524,332,548,352,537
1560371461,15.27,1.99,338,533,322,524,332,548,352,537
1560375840,15.13,1.99,338,532,321,523,332,548,352,536
1560380915,14.03,1.99,338,531,321,522,331,547,351,535
1560395013,14.89,1.99,338,531,321,523,331,547,351,535
1560403466,15.03,1.99,338,532,321,523,331,547,352,536
1560407795,15.32,1.99,338,532,321,523,332,548,352,536
1560411964,14.6,1.99,338,532,321,523,332,548,352,536
1560420611,15.03,2.12,339,534,322,525,333,550,353,538
1560424991,15.13,2.16,339,533,322,524,332,549,352,537
1560442212,15.27,2.37,338,532,321,523,332,548,352,536
1560446747,14.98,2.41,338,533,321,524,332,548,352,537
1560451274,15.32,2.41,339,533,321,524,332,549,352,537
1560460153,15.18,2.41,339,535,322,525,333,550,353,539
1560464643,15.13,2.41,339,533,322,524,332,549,352,537
1560469291,14.89,2.41,339,533,321,524,332,549,352,537
1560484636,14.6,2.41,338,532,321,523,331,547,351,536
1560489339,14.45,2.41,338,532,321,523,332,548,352,536
1560494009,14.5,2.41,338,533,321,524,332,548,352,537
1560507569,15.18,2.52,338,533,321,523,332,548,352,537
1560512076,14.93,2.55,338,532,321,523,332,548,352,537
1560516779,15.27,2.59,338,533,321,524,332,548,352,537
1560521317,15.47,2.66,338,533,321,524,332,549,352,537
1560525807,15.52,2.7,339,534,322,525,333,550,353,538
1560530355,15.47,2.73,338,533,321,524,332,549,352,537
1560534954,15.37,2.77,339,533,321,524,332,549,353,538
1560543981,15.47,2.77,339,534,322,525,333,550,353,539
1560548652,15.32,2.77,339,534,322,525,333,550,353,538
1560553252,14.55,2.77,339,533,321,524,332,549,352,538
1560563504,15.13,2.77,339,533,321,524,332,549,352,538
1560568103,15.13,2.77,338,533,321,523,332,548,352,537
1560572824,15.13,2.77,338,533,321,524,332,549,352,538
1560577579,15.13,2.77,338,533,321,524,332,549,352,537
1560587025,15.27,2.77,338,533,321,524,332,548,352,537
1560591639,15.27,2.77,338,533,321,524,332,549,352,537
1560596206,15.37,2.77,338,533,321,524,332,549,352,537
1560600765,15.42,2.77,338,533,321,524,332,549,352,537
1560605287,15.42,2.77,338,534,321,524,332,549,352,538
1560609842,15.47,2.77,338,533,321,524,332,549,352,537
1560614352,15.61,2.77,338,533,321,524,332,549,352,538
1560618850,15.32,2.77,339,535,322,526,333,551,353,539
1560627697,15.32,2.77,339,534,321,524,332,549,353,538
1560632065,15.22,2.77,338,534,321,524,332,549,352,538
1560636637,15.32,2.77,338,533,321,524,332,549,352,538
1560641108,14.79,2.77,338,532,321,523,332,548,352,536
1560655423,15.22,2.77,338,532,321,523,331,548,351,536
1560659646,15.08,2.77,338,533,321,524,332,549,352,537
1560663997,14.93,2.77,338,533,321,524,332,548,352,537
1560668438,15.37,2.77,338,533,321,524,332,549,352,537
1560681481,15.61,2.77,338,533,321,524,332,549,352,537
1560685801,15.76,2.77,339,534,321,524,332,549,353,538
1560690090,15.57,2.77,338,533,321,524,332,549,352,537
1560694341,15.81,2.77,338,533,321,524,332,549,352,537
1560698626,16.11,2.77,338,533,321,523,332,548,352,537
1560707260,15.76,2.77,342,539,325,530,336,556,357,545
1560724337,15.22,2.77,338,533,321,524,332,549,352,537
1560728639,14.93,2.77,338,532,321,523,332,548,351,536
1560742980,15.27,2.77,338,532,320,523,331,547,351,536
1560747276,15.03,2.77,338,533,321,524,332,549,352,537
1560755828,14.98,2.77,338,532,321,523,332,548,351,536
1560768506,15.27,2.9,339,534,322,524,332,549,352,538
1560772898,15.13,2.98,339,534,321,524,332,549,352,538
1560777255,14.98,3.02,338,533,321,523,332,548,352,537
1560781560,15.42,3.06,338,533,321,524,332,549,352,537
1560794657,15.52,3.19,338,534,321,524,332,549,352,538
1560799133,15.52,3.19,338,534,321,524,333,550,352,538
1560803579,15.57,3.19,339,534,321,525,333,550,352,538
1560812749,15.32,3.19,339,534,321,524,332,550,352,538
1560822777,15.47,3.19,338,534,321,524,332,549,352,538
1560827232,15.37,3.19,338,533,321,524,332,549,352,537
1560831719,15.27,3.19,338,533,321,524,332,549,352,537
1560836226,15.32,3.19,338,532,320,523,331,548,351,536
1560840577,13.84,3.19,338,533,321,523,332,548,351,536
1560845004,15.42,3.23,339,534,321,525,333,550,352,538
1560849707,15.18,3.27,343,540,325,531,337,557,358,546
1560854462,15.47,3.32,337,533,321,523,332,548,351,536
1560859110,15.52,3.36,339,535,322,526,334,551,353,540
1560863755,15.66,3.44,338,533,321,524,332,549,352,537
1560868395,15.81,3.48,338,534,321,524,332,549,352,538
1560873035,15.57,3.53,342,540,325,530,337,557,357,545
1560877744,15.86,3.61,337,531,320,522,331,547,350,535
1560887168,15.86,3.61,338,533,321,524,332,549,352,537
1560896765,15.42,3.61,337,531,320,522,331,547,350,535
1560901498,15.13,3.61,338,532,320,523,331,548,351,536
1560912545,15.13,3.61,338,533,321,523,332,549,351,537
1560917341,15.22,3.61,338,533,321,524,332,549,352,537
1560922106,15.27,3.61,338,533,321,524,332,549,352,537
1560926667,15.08,3.61,338,534,321,524,332,550,352,538
1560935984,15.61,3.69,338,533,320,523,331,548,351,536
1560940708,15.57,3.74,338,533,320,523,332,548,351,536
1560945490,15.57,3.78,337,532,320,523,331,548,351,536
1560950264,15.57,3.86,338,533,321,524,332,549,352,537
1560954959,15.52,3.9,338,533,320,523,332,549,351,537
1560964240,15.57,4.03,338,534,321,524,332,549,352,537
1560973470,15.37,4.03,338,533,321,524,332,549,351,537
1560978201,15.32,4.03,339,534,321,524,333,550,352,538
1560983003,15.52,4.03,338,534,321,524,332,550,352,538
1560987812,15.32,4.03,338,533,320,523,332,549,351,537
1561130993,15.57,4.37,338,534,321,524,332,550,352,538
1561135168,15.71,4.41,339,534,321,524,333,550,352,538
1561143614,15.52,4.45,338,533,320,524,332,549,352,537
1561147868,15.91,4.45,339,534,321,525,333,550,352,539
1561152195,15.96,4.45,338,533,320,523,332,549,351,537
1561160838,15.52,4.45,339,535,321,526,333,551,353,540
1561170477,15.52,4.45,339,535,321,525,333,551,353,539
1561178994,15.66,4.45,339,535,321,525,333,551,353,539
1561187285,15.47,4.45,338,534,321,525,333,550,353,539
1561191484,15.52,4.45,338,534,321,525,333,550,352,538
1561195757,15.76,4.45,339,534,321,525,333,551,353,539
1561200054,15.76,4.45,339,535,321,525,333,551,353,539
1561204337,15.91,4.45,338,533,320,524,332,549,352,538
1561208695,15.96,4.45,338,534,320,524,332,549,352,538
1561213025,15.96,4.45,337,532,320,523,331,548,351,536
1561217406,15.96,4.45,339,535,321,525,333,551,353,539
1561221802,15.96,4.45,337,533,320,523,332,549,351,537
1561226166,15.61,4.45,338,534,321,524,332,550,352,538
1561230697,15.71,4.45,338,533,320,524,332,549,351,537
1561235145,15.81,4.45,338,534,321,524,332,550,352,538
1561239184,15.76,4.45,338,533,320,523,331,548,351,537
1561243706,15.71,4.45,338,534,321,524,332,549,352,538
1561248102,15.37,4.45,338,534,321,524,332,549,352,538
1561271197,15.32,4.45,338,534,321,524,332,550,352,538
1561275423,15.47,4.45,337,533,320,523,332,548,351,537
1561279934,15.47,4.45,338,533,320,523,332,549,351,537
1561284405,15.18,4.45,337,532,320,523,331,548,351,536
1561288699,15.52,4.45,339,534,321,525,333,551,353,539
1561297326,14.12,4.45,337,532,320,523,331,548,351,536
1561301562,15.42,4.45,338,534,321,524,332,550,352,538
1561314331,15.61,4.45,338,533,320,523,332,549,351,537
1561318700,15.57,4.45,338,533,320,524,332,549,352,538
1561327165,15.42,4.45,338,534,321,524,332,550,352,538
1561341260,15.37,4.45,338,533,320,524,332,549,351,537
1561345354,15.03,4.45,339,534,321,525,333,550,352,538
1561353706,14.5,4.45,339,534,321,525,333,550,352,539
1561357954,15.18,4.45,338,534,321,524,332,550,352,538
1561366244,15.47,4.49,338,533,320,523,332,549,351,537
1561370181,15.61,4.53,338,533,320,523,332,549,351,537
1561374625,15.61,4.62,338,533,320,523,332,548,351,537
1561379185,15.81,4.66,338,534,320,524,332,549,352,538
1561383635,15.71,4.7,337,532,320,523,332,548,351,536
1561388106,15.76,4.74,338,534,320,524,332,550,352,538
1561397038,15.76,4.87,338,533,320,523,332,549,351,537
1561401610,15.71,4.87,339,535,321,525,333,551,353,539
1561410463,15.52,4.87,339,536,322,526,334,552,353,540
1561415144,15.61,4.87,338,533,320,523,332,549,351,537
1561419769,15.47,4.87,339,535,321,525,333,551,353,539
1561548692,15.91,5.05,339,536,322,526,334,552,354,540
1561560383,15.76,5.18,339,535,321,525,333,551,352,539
1561564300,15.96,5.22,339,535,321,525,333,551,353,539
1561568233,16.01,5.27,339,535,321,525,333,551,353,539
1561572155,16.06,5.31,338,534,320,524,332,550,351,538
1561576067,16.06,5.31,339,535,321,525,333,551,352,539
1561579953,16.26,5.31,338,534,320,524,333,550,352,538
1561583757,16.16,5.31,339,535,321,525,333,551,353,539
1561591610,16.01,5.31,339,535,321,525,333,551,352,539
1561598842,16.26,5.31,338,534,320,524,333,550,352,538
1561602826,16.16,5.31,340,537,322,526,334,553,354,541
1561606706,15.96,5.31,339,536,321,526,334,552,353,540
1561618239,15.81,5.31,339,536,321,526,334,552,353,540
1561622346,15.96,5.31,339,536,321,526,334,552,353,540
1561628197,16.36,5.39,339,535,321,525,333,551,353,539
1561632299,16.26,5.44,339,535,321,525,333,552,353,540
1561636395,16.11,5.48,338,535,320,525,333,551,352,539
1561652666,16.26,5.69,339,536,321,525,333,552,353,540
1561660821,16.66,5.73,339,535,321,525,333,552,353,540
1561664892,16.81,5.73,339,536,321,525,334,552,353,540
1561669003,17.01,5.73,339,536,321,526,334,552,353,540
1561686895,15.66,5.73,338,534,320,524,332,550,351,538
1561699737,15.52,5.73,338,534,320,524,332,550,351,538
1561703882,15.61,5.73,338,534,320,524,332,550,351,538
1561712308,15.96,5.77,338,534,320,524,333,550,352,538
1561720514,15.81,5.89,339,536,321,526,334,553,353,541
1561724666,15.86,5.93,339,537,321,526,334,553,353,541
1561733050,16.01,6.01,338,535,320,524,333,551,352,539
1561745834,16.16,6.13,339,535,320,525,333,552,353,540
1561754132,16.06,6.13,339,536,321,525,333,552,353,540
1561762539,15.96,6.13,339,535,320,525,333,552,352,540
1561777289,15.57,6.13,339,536,321,526,334,552,353,540
1561781537,15.86,6.13,338,535,320,524,333,551,352,539
1561785744,15.52,6.13,338,534,320,524,333,551,352,539
1561790020,15.91,6.13,338,534,320,524,332,550,352,538
1561794273,16.06,6.13,338,534,320,524,333,551,352,538
1561802453,15.86,6.13,339,536,321,526,334,552,353,541
1561806609,15.76,6.13,339,535,320,525,333,552,353,540
1561810867,16.16,6.13,338,535,320,525,333,551,352,539
1561819167,15.81,6.13,339,536,321,526,334,553,353,541
1561827473,16.01,6.13,339,536,321,525,333,552,353,540
1561835841,16.01,6.13,339,535,320,525,333,552,353,540
1561844124,15.61,6.13,339,535,320,525,333,552,352,539
1561848305,15.81,6.13,338,534,320,524,332,551,352,538
1561852465,15.66,6.13,338,535,320,525,333,551,352,539
1562229825,15.22,7.36,337,533,318,523,332,550,351,537
1562234545,15.22,7.43,337,533,319,523,332,550,351,537
1562246132,15.22,7.53,337,533,318,523,331,549,350,537
1562250417,15.71,7.57,337,533,318,523,331,550,351,537
1562254696,15.96,7.6,337,534,319,523,332,550,351,538
1562329895,15.86,7.87,336,532,318,522,330,548,350,536
1562339155,16.16,7.99,337,534,319,523,331,550,351,538
1562343733,16.16,8.03,336,533,318,523,331,549,351,537
1562348404,16.16,8.07,337,534,319,524,332,550,351,538
1562352933,16.11,8.07,337,534,319,523,331,550,351,538
1562357528,15.81,8.07,337,534,319,524,331,550,351,538
1562366341,15.81,8.07,337,535,319,524,332,551,351,539
1562370733,15.32,8.07,336,533,318,523,331,549,350,537
1562390936,15.91,8.07,336,532,318,522,330,548,350,536
1562395568,15.76,8.07,336,533,318,523,331,549,350,537
1562400142,16.01,8.07,336,533,318,522,331,549,350,537
1562409265,16.16,8.07,337,534,318,520,331,550,351,538
1562413897,16.26,8.07,336,532,318,522,330,548,350,536
1562418491,16.26,8.07,337,534,319,524,332,550,351,538
1562423064,16.11,8.07,336,533,318,523,331,549,350,537
1562427606,16.46,8.07,336,533,318,523,331,549,350,537
1562432219,16.46,8.07,337,534,319,524,331,550,351,538
1562436858,16.31,8.07,337,534,319,524,331,550,351,538
1562441491,16.31,8.07,337,534,319,524,332,551,351,538
1562446091,16.26,8.07,337,534,319,524,332,550,351,538
1562450720,16.31,8.07,336,532,318,522,330,548,350,536
1562455369,16.16,8.07,337,534,318,523,331,550,351,538
1562466247,16.41,8.07,337,534,319,524,331,550,351,538
1562475522,16.31,8.07,337,533,318,523,331,549,351,538
1562480145,16.31,8.07,336,533,318,523,331,549,350,537
1562484746,16.31,8.07,336,533,318,523,331,549,350,537
1562489531,16.11,8.07,336,533,318,523,331,549,351,537
1562494178,16.21,8.07,336,533,318,523,331,549,350,537
1562498946,16.41,8.07,336,533,318,523,331,549,350,537
1562503590,16.56,8.07,336,533,318,523,331,549,350,537
1562508243,16.66,8.07,336,533,318,523,331,549,350,537
1562512964,16.61,8.07,336,533,318,522,331,548,350,536
1562517597,16.41,8.07,336,533,318,522,331,549,350,537
1562526926,16.36,8.07,335,532,317,522,330,548,349,536
1562531624,16.31,8.07,336,533,318,523,330,549,350,537
1562536210,16.21,8.07,337,534,319,524,331,550,351,538
1562540853,16.01,8.07,336,533,318,523,331,549,350,537
1562551672,16.06,8.07,336,533,318,523,330,549,350,537
1562556451,16.06,8.07,336,533,318,523,331,549,351,537
1562561069,15.91,8.07,337,534,319,524,331,550,351,538
1562565701,15.91,8.07,336,533,318,523,331,549,351,537
1562570341,15.66,8.07,336,532,318,522,330,548,350,536
1562574964,15.86,8.11,336,533,318,523,331,549,350,537
1562579568,15.91,8.16,336,533,318,523,331,550,350,537
1562584235,16.11,8.24,336,533,318,523,331,549,350,537
1562588850,15.86,8.29,336,533,318,523,331,549,350,537
1562597893,16.16,8.37,337,534,318,524,331,550,351,538
1562602563,15.96,8.46,337,534,318,524,332,550,351,538
1562611681,16.11,8.5,336,533,318,523,331,549,350,537
1562620617,15.81,8.5,336,532,317,522,330,548,350,536
1562625101,16.01,8.5,336,533,318,523,331,549,350,537
1562640108,15.86,8.5,336,533,318,523,331,550,350,538
1562644444,15.81,8.5,336,533,318,523,331,549,350,537
1562652810,14.5,8.5,335,532,317,521,330,548,349,535
1562657194,14.79,8.5,336,533,318,523,331,549,350,537
1562661578,15.37,8.54,332,532,317,522,330,548,350,536
1562665660,15.22,8.58,336,533,318,523,331,549,350,537
1562674516,15.61,8.71,336,533,318,522,330,549,350,537
1562682778,15.18,8.79,336,533,318,523,331,549,350,537
1562695384,14.98,8.92,336,533,318,523,331,549,350,537
1562699450,14.65,8.92,336,533,318,523,331,549,350,537
1562703456,15.08,8.92,335,532,317,522,330,549,350,536
1562711839,14.98,8.92,335,532,317,522,330,548,349,536
1562715920,14.5,8.92,335,532,317,522,330,548,350,536
1562725824,14.84,8.92,336,533,318,523,331,550,350,537
1562742084,13.84,8.92,335,532,317,522,330,548,349,536
1562746333,14.5,8.96,335,532,317,522,330,548,350,536
1562750579,14.5,9,335,532,317,522,331,549,350,536
1562762705,14.69,9.13,335,532,317,522,330,548,349,536
1562770796,14.93,9.21,335,532,317,522,331,549,349,536
1562783112,14.17,9.34,335,532,317,522,330,548,349,536
1562787050,14.41,9.34,335,532,317,522,330,548,349,536
1562791188,14.55,9.34,335,532,317,522,330,548,349,536
1562795179,14.41,9.34,334,531,316,521,330,547,348,535
1562800057,13.23,9.34,335,532,317,521,330,548,349,535
1562818512,14.6,9.34,335,532,317,522,330,548,349,536
1562822566,13.47,9.34,335,532,317,522,330,548,349,536
1562826788,13.61,9.34,336,534,318,523,331,550,350,538
1562851355,14.69,9.51,335,532,316,521,330,548,348,535
1562863874,14.65,9.6,335,531,316,521,330,548,348,535
1562868185,14.89,9.63,335,532,316,521,330,548,349,535
1562872405,14.45,9.63,335,532,316,522,330,548,349,536
1562876550,14.6,9.63,335,533,317,522,331,549,350,537
1562880807,14.89,9.63,335,532,317,522,330,549,349,536
1562885028,14.89,9.63,336,534,318,523,331,550,350,538
1562889219,14.31,9.63,336,533,317,523,331,549,350,537
1562899147,14.65,9.63,335,532,317,522,330,548,349,536
1562903399,14.84,9.63,335,532,317,522,330,548,349,536
1562907777,14.17,9.63,335,532,316,521,330,548,349,535
1562911787,13.51,9.63,339,538,320,528,335,556,354,543
1562919824,13.75,9.66,335,532,316,521,330,548,349,535
1562923994,14.41,9.69,334,531,316,521,329,547,348,535
1562932279,14.31,9.74,335,531,316,521,330,548,348,535
1562940681,15.03,9.83,335,533,317,522,331,549,350,537
1562944852,15.08,9.85,335,532,316,521,330,548,349,535
1562953322,14.93,9.91,335,532,317,522,331,549,349,536
1562961374,14.55,9.91,335,532,316,521,330,548,348,535
1562969553,14.74,9.91,335,533,317,522,331,549,349,537
1562987628,14.93,9.91,334,531,316,521,330,547,348,535
1562995609,14.45,9.91,334,531,316,521,330,547,348,535
1563003717,14.89,9.91,334,531,316,521,329,547,348,534
1563012065,15.08,9.91,334,531,316,521,330,547,348,535
1563032554,15.03,9.91,335,532,316,522,330,548,349,536
1563036693,15.08,9.91,334,531,316,521,330,547,348,534
1563040871,15.13,9.91,334,531,316,521,330,547,348,535
1563045165,14.65,9.91,335,532,316,521,330,548,349,536
1563053393,14.98,9.91,335,532,316,521,330,548,349,535
1563061805,14.41,9.91,334,531,316,520,329,547,348,534
1563071505,14.69,9.91,334,531,316,521,330,547,348,535
1563075538,14.6,9.91,334,531,316,520,329,547,348,534
1563092017,14.79,9.91,335,531,316,521,330,547,348,535
1563096068,14.65,9.91,334,531,316,521,329,547,348,535
1563100123,14.6,9.91,334,531,316,520,329,547,348,534
1563104156,14.89,9.91,334,530,315,520,329,546,347,534
1563108298,15.08,9.91,334,531,316,521,330,547,348,535
1563112416,14.93,9.91,334,530,315,520,329,546,347,534
1563120635,15.13,9.91,335,532,316,522,330,548,349,536
1563129429,15.18,9.91,335,532,317,522,330,549,349,536
1563133821,15.13,9.91,335,532,316,522,330,548,349,536
1563138170,15.18,9.91,336,533,317,523,331,550,350,537
1563142516,15.08,9.91,335,531,316,521,330,547,348,535
1563146638,13.93,9.91,335,531,316,521,329,547,349,535
1563156679,15.08,9.91,335,533,317,522,331,549,349,536
1563161074,14.93,9.91,335,532,316,521,330,548,349,535
1563165415,14.36,9.91,335,533,317,522,331,549,349,536
1563169714,13.75,9.91,334,531,316,521,329,547,348,534
1563173915,14.41,9.91,335,532,316,522,330,548,349,536
1563178217,14.65,9.95,340,539,321,529,335,557,355,545
1563186873,14.93,10.04,335,533,317,522,331,549,349,537
1563191467,14.93,10.08,335,533,317,523,331,549,349,537
1563195853,15.13,10.17,334,532,316,521,330,548,348,535
1563200251,14.93,10.21,336,534,317,523,331,550,350,538
1563208630,15.18,10.3,334,531,315,520,329,547,347,534
1563212908,15.13,10.34,335,533,317,522,331,549,349,537
1563217326,15.18,10.34,335,532,316,522,330,549,349,536
1563221637,15.18,10.34,335,532,316,522,331,549,349,536
1563251921,13.79,10.34,334,532,316,521,330,548,348,535
1563264453,14.55,10.41,335,532,316,521,330,548,349,536
1563272803,14.98,10.55,334,531,316,521,330,548,348,535
1563281497,14.93,10.69,335,532,316,522,330,548,349,536
1563285793,15.22,10.83,334,531,316,521,330,548,348,535
1563290030,15.22,10.9,334,531,316,521,330,548,348,535
1563298509,15.22,11.04,335,532,316,522,330,549,349,536
1563302677,14.55,11.04,334,530,315,520,329,546,347,534
1563310907,14.6,11.04,334,531,315,520,329,547,348,534
1563315094,14.84,11.04,334,532,316,522,330,548,349,536
1563319155,14.17,11.04,334,531,315,521,329,547,348,535
1563329164,14.55,11.04,334,532,315,522,330,548,348,536
1563337765,14.45,11.04,334,532,316,522,330,548,348,536
1563345995,13.89,11.04,334,531,315,521,330,548,348,535
1563350177,14.22,11.04,334,532,315,522,330,548,348,536
1563354132,14.07,11.13,334,531,315,521,330,548,348,535
1563358155,14.45,11.17,334,532,315,522,330,548,348,536
1563362325,15.08,11.21,335,533,316,522,330,549,349,537
1563366515,15.03,11.25,335,533,316,523,331,550,350,537
1563370892,15.18,11.3,335,533,316,523,331,549,349,537
1563375123,15.18,11.34,334,532,316,522,330,549,349,536
1563379317,15.08,11.43,334,532,316,522,330,549,349,536
1563383594,15.08,11.47,335,533,316,523,331,550,350,538
1563387864,15.03,11.47,334,532,315,522,330,548,349,536
1563396387,15.13,11.47,334,532,315,522,330,548,348,536
1563404742,14.89,11.47,334,532,315,522,330,549,349,536
1563423203,14.69,11.47,334,532,315,522,330,549,349,536
1563427513,14.5,11.47,334,531,315,521,329,548,348,535
1563431634,14.07,11.47,334,531,315,521,329,548,348,535
1563435801,14.69,11.47,334,532,315,522,330,549,348,536
1563440053,14.93,11.51,333,531,314,520,329,547,347,534
1563457275,15.37,11.72,334,532,315,521,330,548,348,536
1563461624,15.03,11.76,333,531,314,521,329,547,347,535
1563465976,15.47,11.85,334,532,315,522,330,549,348,536
1563470459,15.57,11.89,334,533,315,522,330,549,349,537
1563479236,14.65,11.89,334,532,315,522,330,549,349,536
1563487818,14.89,11.89,333,531,314,520,329,547,347,534
1563491940,14.41,11.89,334,532,315,522,330,549,348,536
1563510236,14.5,11.89,334,532,315,522,330,549,349,536
1563514409,14.17,11.89,334,532,315,522,330,549,348,536
1563518683,14.45,11.89,334,532,315,522,330,549,349,537
1563522934,14.65,11.89,334,532,315,522,330,549,349,536
1563527187,14.84,11.97,334,533,315,523,330,550,349,537
1563535329,14.93,12.06,339,540,320,529,335,558,355,545
1563539464,15.22,12.1,334,533,316,523,331,550,349,537
1563543604,15.18,12.14,338,539,319,529,335,558,355,545
1563565275,15.57,12.31,334,532,315,522,330,549,348,536
1563573764,15.42,12.31,334,532,315,522,330,549,349,537
1563621183,15.47,12.31,334,533,315,523,330,550,349,537
1563641332,15.42,12.31,335,533,316,523,331,550,350,538
1563645467,15.71,12.31,338,539,319,529,335,557,354,545
1563649517,15.47,12.31,334,532,315,522,330,549,348,536
1563661745,15.71,12.31,334,533,315,523,330,550,349,537
1563665745,15.13,12.31,333,531,314,521,329,548,348,535
1563679689,15.52,12.31,334,532,315,522,330,549,348,536
1563683843,15.32,12.31,333,531,314,520,329,547,347,534
1563692172,15.61,12.31,333,532,315,521,329,548,348,536
1563696365,15.71,12.31,334,532,315,522,330,549,349,536
1563709047,15.76,12.31,333,532,315,521,329,548,348,536
1563721494,16.01,12.31,334,532,315,522,330,549,349,537
1563738153,15.81,12.31,333,532,315,522,329,548,348,536
1563742211,15.96,12.31,333,532,315,521,329,548,348,536
1563750606,15.37,12.31,333,532,315,521,329,548,348,536
1563764107,15.47,12.31,334,532,315,522,329,548,348,536
1563768150,15.47,12.31,334,533,315,523,330,550,349,537
1563772206,15.13,12.31,334,533,315,522,330,549,349,537
1563776417,15.22,12.31,334,533,315,523,330,550,349,537
1563780562,15.71,12.31,338,539,319,529,334,557,354,545
1563789174,15.91,12.4,334,533,315,523,330,550,349,537
1563793490,16.01,12.48,337,538,318,527,334,555,353,543
1563797969,16.21,12.53,333,531,314,521,329,548,348,535
1563802364,16.36,12.57,334,532,315,522,330,549,349,536
1563811057,16.41,12.65,333,532,314,521,329,548,348,536
1563819794,16.46,12.74,333,531,314,521,329,548,348,535
1563824228,16.36,12.74,334,532,315,522,330,549,349,537
1563832647,16.26,12.74,333,532,314,522,330,548,348,536
1563836891,16.11,12.74,333,531,314,521,329,548,348,535
1563864852,15.76,12.74,334,534,316,523,331,550,349,538
1563869251,16.16,12.78,334,533,315,522,330,549,349,537
1563877936,16.21,12.87,333,532,315,522,330,549,349,537
1563886499,16.56,12.95,334,533,315,522,330,549,349,537
1563904867,16.31,13.16,334,534,315,523,331,551,350,538
1563921432,16.16,13.16,333,533,315,522,330,550,349,537
1563925665,15.91,13.16,333,532,314,521,329,549,348,536
1563935876,16.36,13.16,333,532,314,521,329,549,348,536
1563944159,15.71,13.16,333,532,314,521,329,548,348,536
1563965492,16.46,13.29,333,532,314,522,330,549,349,537
1563973731,16.66,13.42,334,533,315,523,330,550,349,538
1563977774,16.96,13.46,333,531,314,521,329,548,348,536
1563990254,16.76,13.59,331,530,313,519,328,546,346,534
1563994352,16.66,13.59,333,532,314,521,329,549,348,536
1563998419,16.76,13.59,333,532,314,522,330,549,349,537
1564010925,16.41,13.59,334,533,315,523,330,551,349,538
1564025218,16.31,13.59,333,533,315,523,330,550,349,538
1564041464,16.61,13.59,333,532,314,522,329,549,348,536
1564045593,16.71,13.67,332,531,313,521,329,548,347,535
1564054042,16.91,13.76,333,533,315,523,330,550,349,538
1564058240,16.81,13.8,332,531,313,521,329,548,348,535
1564062234,16.96,13.84,332,531,313,521,329,548,348,536
1564066217,16.86,13.88,333,533,314,522,330,550,349,537
1564090336,16.71,14.01,333,533,314,522,329,550,349,537
1564098437,16.06,14.01,333,532,314,522,329,549,348,536
1564112255,16.61,14.01,333,532,314,521,329,549,348,536
1564116391,16.36,14.01,333,532,314,522,329,549,348,536
1564120521,16.21,14.01,333,532,314,522,329,549,348,536
1564128717,16.41,14.05,332,532,313,521,329,548,348,536
1564132807,16.56,14.09,332,532,314,522,329,549,348,536
1564136956,16.96,14.13,332,532,314,521,329,549,348,536
1564149108,17.01,14.25,332,532,313,521,328,548,348,536
1564157292,16.81,14.37,332,531,313,521,328,548,348,535
1564165341,16.86,14.41,332,532,314,522,329,549,348,537
1564181572,16.56,14.41,336,538,317,527,333,556,353,543
1564182180,14.5,14.41,332,531,313,521,328,548,347,535
1564412340,16.56,14.71,332,531,313,521,328,548,347,535
1564416498,16.61,14.8,332,532,313,521,329,549,348,536
1564420604,16.81,14.84,332,532,313,522,329,549,348,537
1564424699,16.86,14.84,333,533,314,523,329,550,349,538
1564428821,16.71,14.84,332,532,314,522,329,549,348,537
1564432955,16.76,14.84,332,532,313,522,329,550,348,537
1564437126,16.61,14.84,336,538,317,528,333,556,353,544
1564456191,16.36,14.84,332,532,313,521,329,549,348,536
1564464587,15.32,14.84,335,538,317,527,333,556,352,543
1564472986,16.26,14.84,333,534,314,523,330,551,349,538
1564485164,16.41,14.96,331,530,312,520,328,547,346,534
1564493228,16.76,15.01,332,532,313,522,329,549,348,536
1564501341,16.61,15.07,331,531,312,520,328,548,347,535
1564564773,16.41,15.22,331,531,313,521,328,548,347,536
1564568813,16.66,15.26,332,532,313,522,328,549,348,537
1564576980,17.01,15.35,333,534,314,523,329,551,349,539
1564600901,16.71,15.56,332,532,313,522,329,550,348,537
1564608894,16.81,15.56,331,532,313,521,328,549,348,536
1564616799,15.76,15.56,331,531,312,521,328,548,347,536
1564626310,16.36,15.56,331,532,313,522,328,549,348,536
1564630311,16.51,15.56,332,532,313,522,329,549,348,537
1564650334,16.16,15.64,331,531,312,520,327,547,347,535
1564654371,16.01,15.69,331,532,312,521,328,548,347,536
1564658446,16.06,15.73,331,532,313,522,329,549,348,537
1564662526,16.16,15.77,331,532,313,522,329,549,348,537
1564670840,16.71,15.85,332,533,313,522,329,550,348,537
1564675068,14.84,15.9,332,532,313,522,328,549,348,537
1564683584,16.66,15.98,331,531,312,521,328,548,347,535
1564700839,15.37,15.98,331,532,313,522,328,549,347,536
1564711182,16.26,15.98,331,532,312,522,328,549,348,536
1564719472,15.66,15.98,335,539,317,528,333,557,353,545
1564731806,15.76,15.98,334,537,316,527,332,555,352,543
1564740035,16.01,16.1,331,532,312,521,328,548,347,536
1564744139,16.31,16.14,331,532,312,521,328,548,347,536
1564748278,16.36,16.18,331,531,312,521,328,548,347,536
1564752502,16.41,16.22,330,530,311,520,327,547,346,534
1564756669,16.61,16.26,331,531,312,521,327,548,347,535
1564760819,16.36,16.3,331,531,312,521,328,548,347,536
1564769127,16.46,16.38,334,537,315,527,332,555,352,543
1564773265,16.21,16.38,330,531,311,520,327,547,346,535
1564781649,16.11,16.38,331,532,312,522,328,549,347,536
1564800329,16.26,16.38,330,531,311,520,327,547,346,535
1564804453,15.96,16.38,331,532,312,522,328,549,348,537
1564808571,16.21,16.38,331,533,313,522,328,550,348,537
1564821053,15.91,16.38,331,531,312,521,327,548,347,535
1564825117,15.86,16.38,331,531,312,521,327,548,347,536
1564829214,15.86,16.38,331,532,312,522,328,549,348,537
1564833265,15.91,16.38,331,533,313,522,328,550,348,537
1564849525,16.16,16.38,330,531,311,520,327,547,346,535
1564857792,16.01,16.38,335,538,316,528,332,556,352,544
1564870185,15.91,16.38,330,531,312,520,327,547,346,535
1564874151,15.37,16.38,331,531,312,521,328,548,347,536
1564903941,15.76,16.38,330,531,312,521,327,548,347,535
1564919857,16.01,16.38,330,530,311,520,327,547,346,534
1564923761,15.81,16.38,331,532,312,521,328,548,347,536
1564931644,16.16,16.38,330,531,311,520,327,547,346,535
1564955229,15.81,16.38,331,532,312,521,328,548,347,536
1564959944,14.84,16.38,331,532,312,521,328,548,347,536
1565009311,16.06,16.38,331,531,312,521,328,548,347,536
1565041634,15.86,16.38,330,530,311,519,327,546,346,534
1565046289,14.98,16.38,331,532,313,522,328,549,347,537
1565064353,15.22,16.38,330,531,312,520,327,547,346,535
1565068428,14.84,16.38,331,533,313,522,328,549,348,537
1565072442,15.47,16.38,330,531,312,521,327,548,346,535
1565088772,15.91,16.51,331,532,312,521,328,549,347,536
1565092842,16.26,16.59,331,532,312,521,328,549,347,536
1565096866,16.16,16.64,330,531,312,521,327,548,347,535
1565100949,16.26,16.68,330,531,311,520,327,548,347,535
1565116932,16.41,16.81,334,537,315,527,332,555,352,543
1565120888,16.56,16.81,330,532,312,521,328,549,348,536
1565132948,15.86,16.81,331,532,312,521,328,549,347,536
1565150640,16.06,16.81,330,531,311,520,327,548,346,535
1565154546,15.47,16.81,330,531,311,520,327,548,346,535
1565158507,16.01,16.81,330,531,311,520,327,547,346,535
1565162488,16.26,16.81,330,531,312,521,327,548,347,536
1565166563,16.16,16.85,329,530,311,519,326,546,346,534
1565170562,16.36,16.89,330,531,311,520,327,548,347,535
1565178502,16.31,16.98,330,531,311,520,327,547,346,535
1565194486,16.61,17.19,330,532,312,521,328,549,347,536
1565202469,16.66,17.23,330,531,311,520,327,548,346,535
1565206483,16.81,17.23,330,531,311,521,327,548,347,536
1565214610,16.36,17.23,330,531,311,521,327,548,347,536
1565219423,15.47,17.23,330,531,311,520,327,547,346,535
1565233171,16.56,17.23,330,532,311,521,327,548,347,536
1565253071,16.21,17.27,333,537,314,526,331,555,351,542
1565257056,16.31,17.32,329,531,311,520,327,547,346,535
1565269203,16.41,17.49,333,537,314,526,331,555,351,543
1565281364,16.71,17.62,329,530,310,520,326,547,346,534
1565319834,16.26,17.66,328,529,310,519,326,546,345,533
1565323909,16.21,17.66,330,531,311,521,327,548,346,535
1565340133,16.06,17.7,329,530,310,520,327,547,346,534
1565348276,16.41,17.79,329,530,310,516,326,547,345,534
1565356530,16.61,17.91,329,530,310,520,326,547,346,534
1565360592,16.66,17.95,329,530,310,519,326,547,345,534
1565364751,16.86,18,329,530,310,520,327,547,346,534
1565373058,17.12,18.08,328,529,310,519,326,546,345,533
1565377225,16.86,18.08,329,531,311,521,327,548,347,536
1565389282,16.81,18.08,329,531,310,520,327,547,346,535
1565393485,16.51,18.08,329,530,310,520,326,547,346,534
1565403510,17.01,18.08,329,531,311,521,327,548,346,536
1565419819,16.66,18.08,329,531,311,520,327,548,346,535
1565431927,17.06,18.08,329,530,310,520,327,547,346,535
1565435982,17.12,18.08,329,531,311,520,327,547,346,535
1565439989,16.61,18.08,328,530,310,519,326,546,345,534
1565456242,17.01,18.08,329,530,310,520,327,547,346,535
1565464339,17.42,18.08,329,531,311,520,327,548,346,535
1565476518,17.53,18.08,329,530,310,520,327,547,345,534
1565480790,17.17,18.08,330,532,311,522,328,549,347,537
1565506819,16.66,18.08,332,536,314,526,330,554,350,542
1565510879,16.96,18.08,329,530,311,520,327,547,346,535
1565514419,16.96,18.08,329,530,310,520,327,547,346,535
1565518463,16.86,18.08,329,531,311,520,327,547,346,535
1565522580,17.17,18.08,330,532,311,521,328,548,347,536
1565526660,17.37,18.08,329,531,311,521,327,548,346,536
1565530847,17.37,18.08,329,531,311,520,327,548,346,535
1565539043,17.47,18.08,329,531,311,520,327,547,346,535
1565543063,17.47,18.08,329,531,311,521,327,548,347,536
1565567486,16.86,18.08,329,528,311,521,327,548,347,536
1565577250,17.22,18.08,330,532,311,521,327,548,347,536
1565606733,16.91,18.2,329,530,310,519,326,547,345,534
1565614637,17.12,18.28,329,530,310,520,326,547,346,534
1565622441,17.27,18.4,328,530,310,519,326,546,345,534
1565630426,17.79,18.48,330,533,311,522,328,550,348,538
1565638295,17.58,18.48,329,531,310,520,326,547,346,535
1565642294,17.47,18.48,329,531,310,521,327,548,346,536
1565650877,16.36,18.48,329,531,310,521,327,548,346,536
1565660434,17.12,18.48,330,532,311,521,327,549,347,537
1565664418,17.22,18.48,329,531,310,521,327,548,346,536
1565668426,17.17,18.48,329,531,310,521,327,548,346,536
1565672417,16.86,18.48,328,530,310,520,326,547,345,534
1565688332,16.76,18.56,328,530,309,519,326,546,345,534
1565696279,16.76,18.65,328,530,309,519,326,547,345,534
1565700321,16.71,18.69,329,531,310,520,327,548,346,535
1565712653,17.32,18.86,328,530,309,519,326,547,345,534
1565721082,17.53,18.9,329,532,310,521,328,549,347,537
1565725428,17.53,18.9,329,532,310,521,327,548,346,536
1565729603,17.12,18.9,329,531,310,520,327,548,346,535
1565737796,16.56,18.9,328,531,310,520,326,547,346,535
1565747724,17.22,18.9,328,531,310,520,327,548,346,535
1565795480,15.86,18.9,328,531,310,520,327,548,346,535
1565799433,16.16,18.9,328,530,309,520,326,547,346,534
1565807495,16.01,18.9,328,531,310,520,326,547,346,535
1565811567,16.16,18.9,328,530,310,520,326,547,345,534
1565815629,16.06,18.9,329,531,310,520,327,548,346,535
1565823536,16.31,18.9,329,531,310,521,327,548,346,535
1565824220,15.03,18.9,328,530,309,520,326,547,346,534
1565841918,15.81,18.9,329,532,311,522,328,549,347,537
1565878361,16.26,18.9,328,529,309,519,325,546,345,533
1565886297,16.06,18.9,328,531,310,520,327,547,346,535
1565890201,16.01,18.9,329,531,310,521,327,548,346,535
1565894275,16.01,18.9,329,531,310,521,327,548,346,536
1565898202,15.91,18.9,328,531,310,520,326,547,346,535
1565910115,15.27,18.9,328,530,310,520,326,547,346,534
1565936067,14.36,18.9,328,529,309,519,326,546,345,533
1565940189,14.07,18.9,327,529,309,518,325,545,344,532
1565944324,14.93,18.9,328,531,310,520,327,548,346,535
1565952483,15.37,18.9,328,530,309,519,326,546,345,534
1565976647,15.37,18.9,328,530,309,519,326,546,345,534
1565984700,15.32,18.9,329,531,310,521,327,548,346,536
1565988813,15.57,18.9,328,529,309,519,326,546,345,533
1565992965,15.42,18.9,328,530,310,520,326,547,346,535
1565997040,14.93,18.9,328,530,309,519,326,546,345,533
1566014908,15.32,18.9,327,529,309,518,325,545,344,532
1566023121,15.32,18.9,328,530,309,519,326,546,345,534
1566027057,15.57,18.9,329,531,310,520,327,548,346,535
1566031196,15.71,18.9,328,530,309,519,326,546,345,534
1566035316,15.52,18.9,329,531,310,520,327,548,346,535
1566047714,15.71,18.9,333,537,314,527,331,555,351,543
1566051654,15.61,18.9,329,531,310,520,327,548,346,535
1566063883,15.81,18.9,328,529,309,519,326,546,345,533
1566067966,15.47,18.9,328,529,309,519,326,546,345,533
1566072072,15.42,18.9,328,530,309,519,326,546,345,534
1566080351,15.52,18.9,328,529,309,519,326,546,345,533
1566084321,15.08,18.9,328,529,309,518,325,545,344,533
1566094238,15.32,18.9,332,537,313,526,331,555,351,542
1566098249,15.37,18.9,328,530,309,517,326,547,345,534
1566102249,15.42,18.9,329,531,310,520,327,548,346,535
1566114437,15.47,18.9,328,529,309,519,326,546,345,533
1566118460,15.57,18.9,329,531,310,521,327,548,346,535
1566122598,15.57,18.9,328,530,310,520,326,547,346,535
1566134690,15.57,18.9,329,531,310,520,327,547,346,535
1566138224,14.31,18.9,329,532,310,521,327,548,346,536
1566142261,15.91,18.9,329,531,310,520,327,548,346,535
1566146301,16.06,18.9,328,530,309,519,326,546,345,534
1566150375,16.11,18.9,328,530,309,519,326,546,345,534
1566154491,16.01,18.9,328,530,309,519,326,547,345,534
1566158569,16.01,18.9,328,530,310,520,326,547,345,534
1566162682,15.81,18.9,328,530,310,519,326,547,345,534
1566166663,16.01,18.9,328,530,310,520,326,547,346,535
1566170775,15.32,18.9,328,530,310,520,326,547,345,535
1566184762,15.76,18.9,329,531,310,520,327,547,346,535
1566188754,14.93,18.9,329,531,310,521,327,548,346,536
1566196865,15.13,18.9,328,530,310,520,326,547,346,534
1566200842,15.13,18.9,329,531,310,521,327,548,346,535
1566204954,15.47,18.94,328,531,310,520,326,547,346,535
1566209115,15.52,19.03,328,531,310,520,326,547,346,535
1566221519,16.16,19.16,328,531,310,520,326,547,346,535
1566225699,16.06,19.2,328,531,310,520,326,547,346,535
1566229890,16.36,19.24,329,531,310,521,327,548,346,536
1566242390,16.16,19.33,328,530,309,520,326,547,345,534
1566250851,16.21,19.33,328,530,309,520,326,547,345,534
1566255664,13.75,19.33,328,531,309,520,326,547,346,535
1566265884,16.41,19.33,328,530,309,520,326,547,346,535
1566270099,16.26,19.33,328,531,310,520,327,548,346,535
1566274289,15.61,19.33,328,530,309,520,326,547,345,535
1566278558,15.57,19.33,328,530,309,520,326,547,346,535
1566282809,15.52,19.33,332,537,313,526,331,555,351,543
1566286984,16.06,19.33,328,530,309,519,326,546,345,534
1566291262,16.01,19.37,328,530,309,519,326,547,345,534
1566299750,16.36,19.49,331,536,313,526,330,554,350,542
1566303983,16.36,19.53,328,530,309,520,326,547,346,535
1566308304,16.66,19.57,328,531,310,521,327,548,346,536
1566312611,16.56,19.61,328,531,309,520,326,548,346,535
1566316847,16.86,19.69,328,531,309,521,327,548,346,536
1566321332,16.91,19.73,328,530,309,520,326,547,345,535
1566325898,16.91,19.73,327,530,309,519,326,547,345,534
1566339412,16.71,19.73,327,530,309,520,326,547,345,535
1566355278,16.76,19.73,328,530,309,520,326,547,346,535
1566359647,16.36,19.73,328,531,309,520,326,548,346,535
1566364111,16.16,19.73,328,531,310,521,327,548,346,536
1566368550,16.26,19.73,329,532,310,522,328,550,347,537
1566372976,16.06,19.73,327,530,309,519,326,547,345,534
1566377457,16.16,19.77,328,531,309,520,326,548,346,535
1566386779,16.21,19.9,327,529,308,518,325,546,344,533
1566391338,16.21,19.94,327,530,308,519,325,547,345,534
1566395863,16.61,19.98,327,529,308,519,325,546,345,534
1566400365,16.56,20.07,327,530,308,519,325,547,345,534
1566409429,16.01,20.15,326,528,307,518,325,545,344,532
1566413932,16.46,20.15,326,528,307,518,325,545,344,533
1566418491,16.51,20.15,325,527,306,516,324,543,343,531
1566422994,16.26,20.15,326,529,308,518,325,546,344,533
1566447225,16.16,20.15,325,527,306,516,323,543,342,530
1566451790,15.18,20.15,325,527,306,516,323,543,342,530
1566460643,15.91,20.15,326,528,307,518,324,545,344,532
1566465037,15.42,20.23,325,528,307,517,324,544,343,531
1566469373,15.76,20.28,325,527,306,516,323,543,342,530
1566473756,15.66,20.32,329,533,310,523,328,551,348,539
1566477917,15.61,20.36,326,528,307,517,324,545,343,532
1566482336,16.21,20.4,326,529,307,518,325,546,344,533
1566486828,16.26,20.49,325,528,307,518,325,545,344,532
1566491211,16.31,20.53,325,527,306,516,324,543,343,531
1566495631,16.36,20.57,326,529,307,518,325,546,344,533
1566500218,16.36,20.57,326,528,307,518,325,545,344,533
1566504695,16.31,20.57,325,527,306,517,324,544,343,531
1566508975,16.11,20.57,325,527,306,516,324,544,343,531
1566513361,16.26,20.57,325,527,306,516,324,543,343,531
1566517613,15.32,20.57,324,527,306,516,323,543,342,531
1566528259,16.01,20.57,324,525,305,515,322,541,341,529
1566532627,15.96,20.57,325,527,306,516,323,542,343,531
1566537073,15.47,20.57,325,528,307,517,324,544,343,532
1566550867,16.06,20.65,325,527,306,516,323,544,343,531
1566555297,16.11,20.7,324,527,306,516,323,543,343,531
1566564197,16.41,20.78,325,527,306,517,324,544,343,531
1566568613,16.46,20.82,325,527,306,517,324,544,343,531
1566573029,16.51,20.91,325,528,306,517,324,545,343,532
1566577504,16.66,20.95,325,527,306,517,324,544,343,532
1566581972,16.66,20.99,326,529,307,518,325,546,344,533
1566586459,16.61,20.99,325,528,306,518,324,545,344,532
1566590973,16.71,20.99,325,528,306,517,324,544,343,532
1566595492,16.56,20.99,326,529,307,518,324,545,344,533
1566600052,16.26,20.99,326,529,307,518,324,546,344,533
1566604432,15.81,20.99,325,527,306,517,324,544,343,532
1566615096,16.36,20.99,325,528,306,517,324,544,343,532
1566619500,16.11,20.99,324,527,306,516,323,544,343,531
1566623971,16.51,20.99,325,528,307,518,324,545,344,533
1566632866,16.76,20.99,325,528,306,517,324,545,343,532
1566641893,16.81,21.12,326,529,307,518,324,546,344,533
1566646469,16.86,21.16,325,528,306,517,324,544,343,532
1566650920,16.71,21.2,325,528,306,517,324,545,344,532
1566655383,16.91,21.28,326,529,307,519,325,547,344,534
1566659990,17.01,21.33,325,528,306,517,324,545,343,532
1566664501,16.96,21.37,324,527,306,517,323,544,343,532
1566668986,17.01,21.41,324,527,305,517,323,544,343,532
1566673472,17.01,21.41,325,528,306,517,324,545,343,532
1566677996,16.81,21.41,325,528,306,518,324,545,343,533
1566682530,16.51,21.41,324,527,305,516,323,544,342,531
1566687063,16.71,21.41,324,527,305,516,323,544,342,531
1566687820,15.32,21.41,324,527,305,516,323,543,342,531
1566699058,16.46,21.41,324,527,305,516,323,544,343,531
1566703652,16.41,21.41,325,528,306,517,323,545,343,532
1566708204,16.46,21.41,324,528,306,517,323,544,343,532
1566712721,16.26,21.41,328,533,309,523,327,551,348,539
1566717301,16.51,21.41,324,527,306,517,323,544,343,531
1566721926,16.51,21.41,324,527,306,517,323,544,343,531
1566726620,16.56,21.41,324,527,305,516,323,544,343,531
1566731213,16.56,21.41,324,527,306,516,323,544,342,531
1566735695,16.71,21.41,324,527,305,516,323,544,342,531
1566740265,16.86,21.41,325,528,306,517,324,545,343,532
1566744901,16.86,21.41,324,528,306,517,323,544,343,532
1566749568,16.91,21.41,325,528,306,518,324,545,343,533
1566754196,16.81,21.41,325,529,307,518,324,546,344,534
1566758806,16.81,21.41,325,528,306,518,324,544,344,533
1566763462,16.86,21.41,325,528,306,517,324,545,343,533
1566768026,16.66,21.41,325,528,306,518,324,545,343,533
1566772583,16.81,21.41,325,528,306,518,324,546,344,533
1566777192,16.56,21.41,324,527,306,517,323,544,343,531
1566787856,16.66,21.41,325,528,306,517,324,545,343,532
1566792349,16.46,21.41,325,528,306,517,324,545,343,532
1566796850,16.21,21.41,324,527,305,516,323,543,342,531
1566801330,16.41,21.41,324,527,306,517,323,544,342,531
1566805842,16.46,21.41,325,527,306,517,323,544,343,532
1566814919,16.76,21.49,325,528,306,517,324,545,343,532
1566819460,16.76,21.52,325,528,306,517,324,545,343,532
1566823927,16.91,21.55,325,528,306,517,324,545,343,533
1566828456,17.01,21.61,324,527,306,517,323,544,343,532
1566837355,16.66,21.66,324,527,305,516,323,544,342,531
1566841777,16.96,21.69,324,527,305,516,323,543,342,531
1566846217,16.91,21.69,324,527,305,517,323,544,343,531
1566850618,16.81,21.69,324,527,305,517,323,544,343,531
1566855009,16.91,21.69,324,527,305,516,323,543,342,531
1566859419,16.81,21.69,324,527,305,516,323,543,342,531
1566863822,16.31,21.69,323,526,304,515,322,542,341,529
1566874229,16.76,21.69,324,527,305,516,323,543,342,531
1566878586,16.36,21.69,324,526,305,516,323,543,342,530
1566887392,16.26,21.69,324,527,306,517,323,544,343,531
1566891875,16.51,21.69,325,528,306,517,323,545,343,532
1566896267,16.71,21.73,325,528,306,517,323,545,343,532
1566900743,16.81,21.82,324,527,305,517,323,544,343,532
1566905213,16.91,21.86,325,529,306,518,324,546,344,533
1566909799,16.76,21.91,325,529,306,518,324,546,344,533
1566918953,17.01,22.03,325,529,306,519,324,546,344,534
1566923524,17.12,22.08,324,528,305,517,323,545,343,532
1566928187,17.17,22.12,324,528,305,517,323,544,343,532
1566932744,17.17,22.12,324,528,305,518,324,545,343,533
1566937378,17.12,22.12,324,528,306,518,324,545,343,533
1566946578,16.91,22.12,325,528,306,518,324,546,343,533
1566947235,15.37,22.12,324,528,305,517,323,544,343,532
1566958099,16.56,22.12,324,527,305,517,323,544,343,532
1566962619,16.51,22.12,324,527,305,517,323,544,342,532
1566967268,15.91,22.12,324,527,305,517,323,544,342,531
1566971838,15.76,22.12,324,528,306,518,324,545,343,533
1566980666,16.61,22.16,323,526,304,516,323,543,342,531
1566985196,16.96,22.2,324,528,305,517,323,545,343,532
1566989669,16.91,22.25,324,527,305,517,323,544,342,531
1566994217,17.01,22.33,323,527,305,516,323,544,342,531
1566998683,17.06,22.37,323,527,304,516,323,543,342,531
1567003067,17.32,22.41,323,526,304,516,322,543,341,530
1567007425,17.37,22.46,324,528,305,517,323,545,343,532
1567011916,17.58,22.54,323,526,304,516,323,543,342,530
1567016356,17.53,22.54,323,526,304,516,322,543,342,531
1567025266,17.22,22.54,323,527,304,516,323,544,342,531
1567029354,17.01,22.54,323,526,304,515,322,543,341,530
1567033826,16.56,22.54,322,525,303,514,322,542,340,529
1567048940,16.91,22.54,323,526,304,516,322,543,342,530
1567053367,16.31,22.54,323,527,305,517,323,544,342,531
1567062410,16.76,22.54,322,525,304,515,322,542,341,529
1567066946,16.91,22.58,322,525,303,515,322,542,341,529
1567075686,16.96,22.67,322,525,303,514,322,542,341,529
1567080259,17.32,22.75,322,526,304,515,322,543,341,530
1567084701,17.32,22.8,322,526,304,515,322,542,341,530
1567089138,17.27,22.84,323,526,304,516,323,543,342,531
1567093627,17.47,22.88,323,527,304,517,323,544,342,532
1567098089,17.37,22.97,323,527,304,516,323,544,342,531
1567102510,17.58,22.97,323,527,304,516,323,544,342,531
1567106939,17.47,22.97,323,527,304,516,323,544,342,531
1567111298,17.27,22.97,323,527,304,516,323,544,342,531
1567115798,17.06,22.97,323,527,304,516,322,543,342,531
1567120222,16.51,22.97,323,527,304,516,322,543,342,531
1567135218,16.81,22.97,322,526,303,515,322,543,341,530
1567139707,16.71,22.97,322,525,303,515,322,542,341,529
1567144135,16.51,22.97,323,527,304,516,322,543,342,531
1567148590,16.61,22.97,322,526,303,515,322,543,341,530
1567153079,16.66,23.01,322,525,303,515,322,542,341,529
1567157592,16.81,23.05,322,525,303,514,321,541,340,529
1567162068,16.91,23.09,323,527,304,516,322,543,342,531
1567166543,17.12,23.17,323,527,303,516,323,544,342,531
1567171002,17.27,23.21,322,526,303,516,322,543,341,530
1567175444,17.27,23.25,322,526,303,516,322,543,342,531
1567179842,17.42,23.29,322,526,303,516,322,543,342,531
1567184346,17.58,23.33,323,527,304,517,323,544,342,532
1567193164,17.12,23.37,323,528,304,517,323,545,342,532
1567206539,16.41,23.37,322,526,303,515,322,542,341,530
1567217260,16.76,23.37,323,528,304,518,323,545,343,533
1567221687,17.01,23.37,322,527,303,516,322,543,342,531
1567226088,16.96,23.37,323,528,304,517,323,545,342,532
1567230420,16.71,23.37,322,526,303,516,322,543,341,530
1567243784,17.12,23.37,322,526,303,516,322,543,342,530
1567252843,17.01,23.37,322,526,303,515,322,542,341,530
1567257411,17.17,23.37,322,526,303,515,322,543,341,530
1567261837,17.27,23.37,322,526,303,515,322,543,341,530
1567270816,17.37,23.37,322,525,303,515,322,542,341,529
1567275295,17.27,23.37,321,525,303,515,321,542,341,529
1567279722,17.27,23.37,322,526,303,515,322,542,341,530
1567288544,17.17,23.37,322,526,303,516,322,543,341,530
1567292936,15.91,23.37,322,526,303,516,322,543,342,530
1567303530,16.76,23.37,322,526,303,515,322,542,341,529
1567308027,16.91,23.37,322,525,303,515,321,542,341,529
1567312489,16.86,23.37,322,525,303,515,321,542,341,529
1567316918,16.86,23.37,322,527,304,516,322,544,342,531
1567321404,17.01,23.37,322,526,303,515,322,542,341,530
1567325804,17.01,23.37,322,526,303,515,322,542,341,530
1567330317,17.17,23.37,321,525,303,514,321,541,340,529
1567339415,17.37,23.37,321,525,303,515,321,541,340,529
1567343940,17.42,23.37,321,524,302,514,321,541,340,528
1567348358,17.22,23.37,322,526,303,515,322,542,341,530
1567352765,17.53,23.37,322,526,303,515,322,542,341,530
1567357313,17.47,23.37,322,526,303,515,322,542,341,530
1567361863,17.42,23.37,323,527,304,516,322,540,342,531
1567366246,17.37,23.37,323,527,304,516,322,544,342,531
1567370718,17.12,23.37,322,526,303,516,322,543,341,530
1567375261,17.01,23.37,322,525,303,515,321,541,341,529
1567379768,16.86,23.37,322,526,303,515,322,542,341,530
1567390527,16.86,23.37,322,526,303,516,322,543,341,530
1567394944,16.76,23.37,322,526,303,515,322,542,341,530
1567399509,16.21,23.37,322,526,303,515,321,542,341,529
1567403978,16.31,23.37,322,526,303,515,322,542,341,530
1567412171,16.26,23.41,322,526,303,515,322,542,341,530
1567416354,16.81,23.45,322,525,303,515,321,542,341,529
1567420671,16.96,23.5,322,526,303,516,322,543,341,530
1567429413,17.17,23.62,321,525,302,514,321,541,340,529
1567433865,17.12,23.66,321,525,302,514,321,541,340,528
1567438170,16.96,23.71,322,526,303,515,322,543,341,530
1567442415,16.96,23.75,321,525,303,515,321,542,341,529
1567446661,16.81,23.79,321,525,302,514,321,542,340,529
1567450885,17.06,23.79,322,526,303,515,322,542,341,530
1567463318,16.41,23.79,322,527,304,517,323,544,342,532
1567467456,15.96,23.79,322,527,303,516,322,544,342,531
1567477948,16.41,23.79,321,525,302,514,321,541,340,529
1567482225,16.31,23.79,321,525,302,514,321,542,340,529
1567486561,15.08,23.79,321,525,302,514,321,541,340,528
1567491016,15.42,23.79,321,525,302,515,321,542,340,529
1567495300,15.18,23.79,321,524,301,513,320,540,340,527
1567499826,14.98,23.83,321,525,302,514,321,541,340,529
1567504061,14.22,23.87,321,525,302,514,321,541,340,528
1567508320,14.36,23.92,321,525,302,514,320,541,340,528
1567512775,14.89,24,321,524,301,513,320,540,339,528
1567517086,15.13,24.04,322,527,303,516,322,543,341,531
1567521315,15.27,24.08,322,526,302,515,321,543,341,530
1567525460,15.42,24.13,321,526,302,515,321,542,340,529
1567529602,15.42,24.17,325,532,306,521,325,549,345,537
1567541856,15.32,24.21,321,525,302,514,321,541,340,529
1567545906,15.42,24.21,322,527,303,516,322,543,341,531
1567549796,15.27,24.21,321,525,302,514,321,541,340,529
1567553819,14.93,24.21,321,526,302,515,321,542,340,530
1567564060,14.89,24.21,325,532,306,521,326,550,346,537
1567568156,14.98,24.21,320,524,301,513,320,540,339,527
1567588779,14.41,24.3,321,525,301,514,321,541,340,528
1567592915,14.84,24.34,321,526,302,515,322,543,341,530
1567597091,14.84,24.38,325,531,306,521,325,549,345,537
1567601417,14.98,24.43,321,526,302,515,321,542,340,529
1567614140,15.37,24.6,321,525,302,514,321,542,340,529
1567618445,15.42,24.64,320,524,301,513,320,541,339,528
1567622727,15.32,24.64,320,524,301,513,320,541,339,528
1567635411,14.93,24.64,320,524,301,514,320,541,339,528
1567639727,14.69,24.64,321,525,302,514,321,542,340,529
1567649910,14.65,24.64,321,525,302,514,321,542,340,529
1567654151,14.93,24.64,321,525,302,514,321,542,340,529
1567662859,13.47,24.64,320,524,301,513,320,540,339,527
1567667128,13.51,24.64,320,524,301,513,320,540,339,527
1567679630,14.31,24.77,320,524,301,513,320,541,339,528
1567688155,15.03,24.86,320,525,301,514,320,541,339,528
1567692496,15.32,24.95,320,524,301,513,320,541,339,528
1567705009,15.13,25.08,319,524,300,513,320,540,339,527
1567709136,14.93,25.08,320,525,301,514,320,541,340,529
1567713426,15.03,25.08,320,525,301,514,320,541,340,528
1567717576,14.98,25.08,320,525,301,514,320,542,340,529
1567725950,14.98,25.08,319,524,300,513,320,540,339,527
1567740127,15.03,25.08,319,524,301,513,320,540,339,527
1567744252,15.22,25.08,320,524,301,513,320,541,339,528
1567748428,14.98,25.08,320,525,301,514,320,541,340,528
1567752673,14.69,25.08,320,525,301,514,320,541,339,529
1567765078,14.03,25.21,320,524,301,513,320,541,339,528
1567769344,14.41,25.25,319,523,300,512,319,540,338,527
1567777870,13.33,25.34,319,524,300,513,320,540,339,527
1567782145,13.7,25.42,319,524,300,513,319,540,339,527
1567790577,14.6,25.51,319,524,301,514,320,541,339,528
1567794228,14.07,25.51,319,524,300,513,319,541,339,528
1567798365,14.6,25.51,319,524,300,513,319,540,339,527
1567806402,14.41,25.51,320,525,301,514,320,541,340,529
1567811390,13.75,25.51,320,525,301,514,320,542,340,529
1567821494,14.36,25.51,319,525,300,514,320,541,340,529
1567825755,14.41,25.51,318,523,300,512,319,539,338,526
1567834104,14.26,25.51,318,523,300,512,319,539,338,526
1567841994,13.98,25.51,319,525,301,514,320,541,340,529
1567857905,14.41,25.51,319,524,300,513,319,540,339,527
1567873957,14.22,25.51,318,523,300,512,318,539,338,526
1567882010,14.36,25.51,323,531,304,520,324,549,345,536
1567898117,13.65,25.51,319,524,300,513,320,541,339,528
1567912424,14.07,25.51,319,524,300,513,319,540,339,527
1567924917,14.22,25.51,319,524,301,513,320,541,339,528
1567928933,14.26,25.51,319,523,300,513,319,540,338,527
1567981448,14.22,25.51,319,524,301,514,320,541,339,528
1567985454,13.56,25.51,319,524,300,513,319,540,339,527
1567999710,13.84,25.51,319,525,301,514,320,541,339,528
1568008121,12.77,25.51,320,525,301,514,320,541,339,528
1568012324,12.09,25.51,320,525,301,514,320,541,339,528
1568039077,13.05,25.81,318,522,299,512,318,538,338,526
1568043691,13.65,25.85,318,523,300,512,318,539,338,526
1568048139,13.79,25.9,318,522,299,512,318,538,338,526
1568061414,13.7,25.94,319,524,300,513,319,540,339,527
1568065812,13.51,25.94,317,522,299,511,318,538,337,525
1568070256,13.05,25.94,317,522,299,511,318,538,337,525
1568085393,13.37,25.94,318,523,300,513,319,539,338,527
1568089734,12.77,25.94,319,524,300,513,319,540,339,527
1568094302,11.87,25.94,322,530,303,519,323,547,343,534
1568098794,12.18,25.94,318,523,299,512,318,538,338,526
1568103335,12.77,25.98,318,524,300,513,319,540,339,528
1568111814,13.1,26.07,318,523,299,512,319,539,338,526
1568115970,13.37,26.12,318,523,299,513,319,540,338,527
1568128600,13.47,26.29,319,525,300,514,320,541,339,529
1568132790,13.65,26.34,319,524,300,514,320,541,339,528
1568136972,13.19,26.38,319,524,300,513,319,541,339,528
1568141175,13.75,26.38,319,525,300,514,320,541,339,529
1568149705,13.56,26.38,317,522,298,512,318,538,337,526
1568158066,12.82,26.38,318,523,299,513,319,540,338,527
1568168163,13.14,26.38,318,523,299,512,318,539,338,526
1568172522,13.05,26.38,318,523,299,513,319,540,338,527
1568176806,12.59,26.38,318,523,299,512,318,539,338,526
1568181079,11.78,26.38,318,523,299,512,318,539,338,526
1568185325,12.18,26.38,318,523,299,512,318,539,337,526
1568189796,12.82,26.42,318,524,299,513,319,540,338,527
1568203081,13.05,26.55,318,523,299,512,318,539,338,526
1568207339,13.37,26.64,318,524,299,513,319,541,339,528
1568211552,13.56,26.68,318,523,299,512,318,539,338,526
1568215832,13.7,26.72,318,523,299,512,318,539,338,527
1568220049,13.61,26.77,318,523,299,512,319,540,338,527
1568232800,13.7,26.81,318,523,299,513,319,540,338,527
1568237027,13.33,26.81,318,524,299,514,319,541,339,528
1568241225,13.05,26.81,318,523,299,513,319,540,338,527
1568245444,13.33,26.81,318,524,299,513,319,540,338,527
1568259676,13.37,26.81,318,523,299,513,319,540,338,527
1568263978,13.19,26.81,317,522,298,512,318,539,337,526
1568276599,13.23,26.85,317,522,298,511,318,538,337,526
1568280946,13.56,26.88,317,523,298,512,318,539,338,527
1568289314,13.7,26.96,318,523,299,513,319,540,338,527
1568297781,14.17,27.07,317,523,298,512,318,539,338,527
1568310083,13.93,27.18,317,522,298,511,318,538,337,526
1568314303,13.98,27.18,317,523,298,513,319,540,338,527
1568318561,13.89,27.18,317,523,298,512,318,539,338,527
1568322782,13.75,27.18,317,523,298,512,318,539,338,526
1568327190,13.84,27.18,318,524,299,513,319,541,339,528
1568350282,12.55,27.18,316,522,298,511,318,538,337,525
1568354610,12.27,27.18,317,522,298,512,318,539,337,526
1568358934,12.73,27.18,317,523,298,512,318,539,338,527
1568371924,13.33,27.31,317,523,298,513,319,540,338,527
1568380357,13.65,27.44,321,529,302,518,322,547,343,534
1568384567,13.89,27.48,317,523,298,512,318,539,338,527
1568388688,13.65,27.52,317,524,299,513,319,540,338,528
1568392898,13.89,27.57,317,523,298,512,318,539,338,526
1568397126,13.89,27.61,317,522,298,512,318,539,337,526
1568418430,13.56,27.61,317,524,298,513,319,541,339,528
1568432900,13.23,27.61,317,523,298,512,318,539,338,526
1568437097,13.23,27.61,317,523,298,512,318,539,338,526
1568441226,13.42,27.61,317,523,298,512,318,539,338,527
1568445651,13.33,27.61,316,522,297,511,318,538,337,526
1568454239,13.89,27.61,316,521,297,511,317,537,336,525
1568462763,13.98,27.61,317,522,298,512,318,539,337,526
1568467028,14.07,27.61,317,523,298,512,318,539,338,526
1568471379,13.7,27.61,317,522,298,512,318,539,337,526
1568475814,14.22,27.61,317,524,299,513,319,540,338,528
1568484575,13.93,27.61,317,523,298,512,318,539,338,526
1568488981,13.79,27.61,318,524,298,513,319,540,338,528
1568493422,13.84,27.61,317,523,298,512,318,540,338,527
1568497649,13.61,27.61,321,530,302,519,323,548,343,535
1568517779,13.37,27.61,317,522,298,512,318,539,338,526
1568522210,13.51,27.61,316,522,297,512,318,538,337,526
1568526657,13.37,27.61,317,523,298,512,318,539,338,526
1568531263,13.65,27.61,316,521,297,511,317,538,337,525
1568539838,13.89,27.61,317,523,298,513,319,540,338,527
1568543937,13.7,27.61,317,523,298,513,319,540,338,527
1568548236,13.7,27.61,317,522,298,512,318,539,337,526
1568560994,14.12,27.61,317,523,299,513,319,540,338,526
1568569241,13.98,27.61,317,522,298,512,318,538,337,526
1568577474,13.98,27.61,317,522,298,512,318,539,337,526
1568581574,13.7,27.61,316,521,297,511,317,537,336,525
1568585768,14.03,27.61,317,523,298,512,318,539,338,526
1568589964,13.28,27.61,317,522,298,512,318,539,337,526
1568599997,13.56,27.61,317,523,298,512,318,539,338,526
1568604040,13.61,27.61,318,524,299,514,319,541,339,529
1568608321,12.55,27.61,317,523,298,512,318,539,338,526
1568612596,12.46,27.61,317,522,298,512,318,539,338,526
1568616910,12.5,27.61,321,529,302,519,323,547,343,535
1568621125,12.82,27.65,317,523,298,512,318,539,338,527
1568625362,13.51,27.7,317,522,298,512,318,539,337,526
1568629697,13.84,27.74,318,524,299,513,319,540,338,528
1568638527,13.93,27.82,317,523,298,512,318,539,337,526
1568642859,14.31,27.91,316,522,297,511,318,538,337,526
1568651562,14.36,28,317,523,298,512,318,539,338,527
1568664449,14.17,28.04,316,522,297,511,317,538,337,525
1568668799,14.03,28.04,318,524,298,514,319,541,339,528
1568688002,14.12,28.04,316,523,297,512,318,539,337,526
1568692288,13.79,28.04,317,524,298,513,319,541,338,528
1568696709,13.51,28.04,316,523,298,512,318,539,337,526
1568705572,13.61,28.04,316,522,297,512,318,539,337,526
1568710081,14.41,28.08,317,523,298,512,318,540,338,527
1568714512,14.36,28.17,317,523,298,512,318,540,338,527
1568734507,14.31,28.39,317,523,298,512,318,540,338,527
1568749802,14.69,28.48,316,523,297,513,318,540,338,527
1568757418,14.22,28.48,316,523,297,512,318,540,338,527
1568761199,14.26,28.48,320,528,301,518,322,546,342,534
1568761894,13.23,28.48,316,522,297,512,318,539,337,526
1568778824,13.75,28.48,320,529,301,518,322,547,343,535
1568782712,13.56,28.48,316,523,298,512,318,540,337,527
1568790604,13.33,28.48,317,524,298,513,319,541,338,528
1568798557,13.23,28.57,316,523,297,512,318,539,337,527
1568802487,12.59,28.61,316,523,298,513,318,540,338,527
1568806453,12.82,28.65,316,523,298,513,318,540,338,527
1568810431,12.64,28.7,317,524,298,513,319,541,338,528
1568814601,12.46,28.74,316,522,297,512,318,539,337,526
1568827530,12.27,28.91,316,522,297,512,318,539,337,526
1568836328,13.1,28.91,316,522,297,512,318,539,337,526
1568840684,13.1,28.91,316,522,297,512,318,539,337,526
1568845039,12.73,28.91,316,522,297,512,318,539,337,526
1568849254,12.32,28.91,315,522,296,511,317,538,336,525
1568860242,12.77,28.91,316,523,297,513,318,540,338,527
1568872934,11.78,28.91,315,521,296,511,317,538,336,525
1568877278,11.87,28.91,316,523,297,513,318,540,338,527
1568885792,12.68,28.99,315,521,296,510,317,537,336,525
1568898613,12.77,29.16,315,522,296,511,317,538,336,525
1568915975,12.91,29.33,320,530,301,519,323,548,343,536
1568920302,13,29.33,315,522,296,511,317,538,336,525
1568924685,12.91,29.33,315,522,296,511,317,539,336,526
1568929036,12.96,29.33,315,523,296,512,318,539,337,526
1568937378,12.05,29.33,314,521,295,510,317,537,335,524
1568956512,10.68,29.33,315,522,296,511,317,538,336,525
1568960763,11.69,29.33,315,521,295,510,317,537,335,524
1568969580,11.91,29.37,315,522,296,511,317,539,336,526
1568990777,12.5,29.64,319,528,300,518,322,546,341,534
1569011762,12.36,29.77,314,521,295,510,317,537,335,525
1569015921,12.32,29.77,314,521,295,510,316,537,335,524
1569020828,11.03,29.77,315,522,295,511,317,538,336,525
1569035727,11.78,29.77,314,521,295,510,316,537,335,524
1569043499,11.74,29.77,314,521,295,510,317,537,335,524
1569088487,12.32,29.77,315,522,295,511,317,538,336,525
1569108660,11.34,29.77,314,521,295,510,316,537,335,524
1569151896,12.27,29.77,315,522,295,511,317,538,336,525
1569156168,12.23,29.77,315,522,296,511,317,538,336,526
1569169090,12.27,29.77,314,521,295,510,316,537,335,524
1569181657,12.14,29.77,315,522,296,511,317,538,336,525
1569189977,12.09,29.77,314,521,295,510,316,537,335,524
1569194118,12.14,29.77,314,520,295,510,316,537,335,524
1569204194,12.5,29.77,314,521,295,510,316,537,335,524
1569212397,12.5,29.77,314,520,295,509,316,536,335,524
1569220537,12.14,29.77,314,520,295,509,316,536,334,523
1569240354,12.91,29.98,319,529,299,518,322,547,342,534
1569244484,13.28,30.03,315,522,296,511,317,538,336,526
1569268293,13.19,30.2,315,522,295,511,317,538,336,526
1569276497,12.59,30.2,315,522,295,511,317,539,337,526
1569280699,12.05,30.2,315,522,295,511,317,539,336,526
1569294841,12.64,30.2,315,523,296,512,318,539,337,527
1569298886,12.09,30.2,314,522,295,511,317,538,336,525
1569302978,11.96,30.2,315,522,295,511,317,538,336,526
1569319225,12.27,30.33,314,521,295,510,316,537,335,524
1569331572,12.68,30.46,314,521,295,510,317,538,336,525
1569335791,12.59,30.5,314,522,295,510,317,538,336,525
1569340074,12.91,30.54,314,521,295,510,317,538,335,525
1569344254,12.96,30.59,314,521,295,511,317,538,336,525
1569348443,12.96,30.63,314,521,294,510,316,538,335,525
1569352810,12.96,30.63,314,521,295,510,317,538,336,525
1569357033,12.64,30.63,314,521,294,510,316,538,335,525
1569361215,12.64,30.63,314,523,295,511,317,539,336,526
1569366139,11.16,30.63,313,520,294,509,316,537,335,524
1569376320,12.5,30.63,314,522,295,511,317,538,336,525
1569389121,11.34,30.63,314,523,295,511,317,539,336,526
1569393450,11.29,30.63,314,522,295,511,317,538,336,525
1569401905,11.69,30.67,314,521,294,510,316,538,335,525
1569406120,12.23,30.76,313,520,294,509,316,537,335,524
1569410359,12.27,30.8,314,522,295,510,316,538,336,525
1569414605,12.36,30.84,314,521,294,510,316,538,335,525
1569418860,12.55,30.89,313,521,294,510,316,538,335,525
1569427434,12.55,31.02,314,522,295,511,317,539,336,526
1569431655,12.96,31.06,314,522,295,511,317,539,336,526
1569462814,12.64,31.06,313,521,294,510,316,537,335,525
1569467102,12.27,31.06,314,522,295,511,317,539,336,526
1569471235,11.96,31.06,314,522,294,511,316,538,336,525
1569475460,11.82,31.06,314,523,295,512,317,540,337,527
1569483906,11.47,31.06,313,522,294,510,316,538,336,525
1569492204,12.36,31.19,317,528,298,517,321,546,341,533
1569496230,12.59,31.23,314,522,294,511,317,539,336,526
1569500377,12.73,31.27,314,523,295,511,317,539,336,527
1569508475,13.19,31.36,314,522,294,511,317,539,336,526
1569520510,13.23,31.49,314,523,295,512,317,541,337,528
1569532692,12.91,31.49,314,522,294,511,317,539,336,526
1569540761,12.73,31.49,313,522,294,511,316,539,336,526
1569550860,12.73,31.49,314,523,295,512,317,540,337,527
1569554839,12.5,31.49,317,529,298,518,321,547,341,534
1569562825,11.51,31.49,313,522,294,511,316,538,335,525
1569575324,12.46,31.58,313,522,294,511,316,538,336,526
1569587467,13,31.71,313,521,294,511,316,538,336,525
1569591481,13.05,31.76,313,522,294,511,316,538,336,525
1569595570,13.19,31.8,313,521,294,510,316,538,335,525
1569599572,13.56,31.85,313,521,293,510,316,538,335,525
1569607706,13.33,31.94,314,523,294,512,317,540,337,527
1569611693,13.14,31.94,313,523,294,511,317,539,336,526
1569615585,13.19,31.94,313,523,294,512,317,540,336,527
1569623521,13.05,31.94,313,522,294,511,316,539,336,526
1569627562,12.64,31.94,313,522,294,511,316,538,335,525
1569641735,12.87,31.94,317,529,298,518,321,547,341,535
1569649830,12.96,31.94,314,523,294,512,317,540,336,527
1569665599,13.1,31.94,318,530,299,519,322,548,342,536
1569677708,13.56,31.94,314,523,295,512,317,540,337,528
1569685487,13.42,31.94,318,530,298,519,321,548,342,535
1569697612,13.19,31.94,314,523,295,512,317,540,337,528
1569713995,13.1,31.94,315,524,295,513,318,541,337,529
1569724011,13.28,31.94,313,522,294,512,317,539,336,527
1569732125,12.82,31.94,314,523,294,512,317,538,336,527
1569736275,13.33,31.94,314,522,294,512,317,539,336,527
1569740441,13.05,31.94,314,523,294,512,317,539,336,527
1569744561,13.05,31.94,314,523,295,512,317,540,337,527
1569748741,13.37,31.94,313,522,294,511,316,539,336,526
1569752943,13.19,31.94,314,523,295,512,317,540,337,527
1569757124,13.51,31.94,314,523,295,512,317,540,337,527
1569765558,13.33,31.94,314,523,295,512,317,540,337,527
1569785980,13.56,31.94,314,522,294,511,316,539,336,526
1569790107,13.65,31.94,314,520,295,513,317,541,337,528
1569794375,13.51,31.94,314,523,295,512,317,540,337,527
1569798596,12.87,31.94,314,523,295,512,317,540,337,527
1569808802,13.56,31.94,314,523,295,512,317,540,337,527
1569812949,13.28,31.94,314,523,295,512,317,540,337,527
1569817103,13.19,31.94,314,523,295,512,317,539,336,527
1569829898,13.56,31.94,314,523,295,512,317,540,337,527
1569834277,13.42,32.03,314,523,295,512,317,540,337,527
1569843230,13.89,32.12,313,522,294,511,316,539,336,526
1569847722,13.98,32.16,314,523,295,512,317,540,337,527
1569852076,14.03,32.25,314,523,295,512,317,540,337,528
1569865101,14.22,32.38,313,522,294,511,316,538,336,526
1569869273,13.93,32.38,313,522,294,511,316,539,336,526
1569873555,14.03,32.38,313,522,294,511,316,539,336,526
1569886227,13.47,32.38,314,523,294,512,317,540,337,528
1569904408,13.19,32.38,313,522,294,511,316,539,336,526
1569908537,13.05,32.38,313,522,294,511,316,539,336,526
1569912492,13,32.38,313,523,294,512,317,540,336,527
1569920818,13.51,32.47,314,524,295,513,318,542,338,529
1569924974,13.33,32.51,314,523,294,512,317,540,337,528
1569933284,13.75,32.6,313,523,294,512,317,540,336,527
1569937453,13.7,32.64,313,521,293,510,316,538,335,525
1569949945,13.93,32.81,313,523,293,512,316,539,336,527
1569954206,14.03,32.81,313,522,293,511,316,539,336,527
1569970898,13,32.81,313,523,293,511,316,539,336,527
1569981539,13.23,32.81,313,522,293,511,316,539,335,526
1569993853,12.5,32.81,313,523,294,512,317,540,336,527
1569998164,12.46,32.81,316,528,297,517,320,546,340,533
1570002428,12.68,32.81,314,523,294,512,317,540,336,528
1570010751,13.19,32.95,313,523,294,512,317,540,336,527
1570031578,13.89,33.16,314,523,294,512,317,541,337,528
1570040032,13.84,33.25,313,523,294,512,317,540,337,528
1570048350,13.51,33.25,313,523,294,512,317,540,337,528
1570052559,13.28,33.25,313,522,293,511,316,539,336,526
1570057540,12.27,33.25,313,522,293,511,317,540,336,527
1570072128,13.14,33.25,313,522,293,511,316,539,336,526
1570076161,12.82,33.25,312,522,293,511,316,538,335,525
1570080153,12.27,33.25,312,522,293,511,316,539,335,526
1570088403,12.64,33.25,312,521,292,510,315,538,335,525
1570116999,12.64,33.6,312,522,292,510,316,538,335,525
1570125048,12.5,33.69,312,521,292,510,315,538,335,525
1570133309,12.5,33.69,312,521,292,510,315,538,335,525
1570141716,12.5,33.69,312,521,292,510,316,538,335,525
1570145850,11.87,33.69,311,520,292,509,315,537,334,524
1570156138,12.5,33.69,312,521,292,510,316,538,335,525
1570162743,11.74,33.69,311,520,292,509,315,537,334,524
1570171108,11.69,33.69,311,520,292,509,315,537,334,524
1570179546,11.56,33.73,311,521,292,510,315,537,335,524
1570184058,11.65,33.82,312,521,292,510,315,537,334,525
1570197017,11.56,33.95,311,520,292,509,315,537,334,524
1570205295,11.38,34.08,311,520,291,509,314,536,334,523
1570226138,11.82,34.12,311,520,292,509,315,537,334,524
1570230215,11.51,34.12,311,521,292,510,315,538,334,525
1570240797,12,34.12,311,521,292,510,315,537,334,524
1570245085,12.18,34.12,312,521,292,510,315,538,335,525
1570249106,12.09,34.12,311,520,291,509,314,536,334,523
1570257458,12.05,34.12,312,521,292,510,315,538,335,525
1570269832,11.78,34.12,312,522,293,511,316,539,336,526
1570273907,12.14,34.12,312,522,292,511,316,539,335,526
1570278029,11.91,34.12,311,520,292,509,315,537,334,524
1570286349,12.5,34.12,312,522,292,511,316,539,335,526
1570294648,12.46,34.12,311,520,292,509,315,537,334,524
1570298827,12.23,34.12,311,520,292,509,315,537,334,524
1570315612,12.36,34.12,312,521,292,510,315,538,334,525
1570319898,12.14,34.12,312,522,293,511,316,539,335,526
1570330224,12.36,34.12,312,522,293,511,316,539,335,526
1570334405,12.14,34.12,312,522,293,511,316,539,335,526
1570342622,11.87,34.12,313,523,293,512,316,540,336,527
1570351038,12.18,34.12,312,522,293,511,316,539,335,526
1570355159,11.96,34.12,312,522,293,511,315,539,335,526
1570359389,11.96,34.12,312,521,292,510,315,537,334,525
1570363439,11.87,34.12,316,528,296,517,320,546,340,533
1570367625,11.91,34.12,316,528,296,517,320,546,340,534
1570384293,12.18,34.12,313,522,293,511,316,539,336,527
1570388383,11.87,34.12,313,522,293,511,316,539,336,526
1570396694,12.05,34.12,312,522,292,510,316,538,335,526
1570400863,11.74,34.12,311,520,292,509,315,537,334,524
1570405097,11.74,34.12,312,521,292,510,315,538,335,525
1570415210,11.91,34.12,312,522,292,511,316,539,335,526
1570428003,11.91,34.12,312,521,292,510,315,538,335,525
1570432224,11.78,34.12,312,521,292,510,315,538,334,525
1570436465,11.6,34.12,312,521,292,510,315,538,335,525
1570444981,11.82,34.12,311,520,292,509,314,536,334,523
1570449159,11.82,34.12,312,522,293,511,316,538,335,526
1570453464,12.23,34.12,312,522,293,511,316,538,335,526
1570457781,11.91,34.12,312,521,292,510,315,538,335,525
1570466295,11.82,34.12,312,521,292,510,315,538,335,525
1570478940,11.87,34.12,312,521,292,510,315,538,335,525
1570483089,11.65,34.12,312,521,293,510,316,538,335,525
1570487434,11.65,34.12,312,522,293,511,316,538,335,525
1570491592,10.94,34.12,312,522,293,511,316,539,335,526
1570506285,11.34,34.12,312,521,292,510,315,537,334,524
1570514873,10.94,34.12,312,522,293,510,316,538,335,525
1570519177,11.25,34.12,311,520,292,509,315,536,334,523
1570523436,11.16,34.12,316,527,296,516,320,545,340,533
1570527586,11.25,34.12,312,521,292,510,315,538,334,525
1570531798,11.07,34.12,312,521,292,510,315,537,334,525
1570536017,11.16,34.12,313,523,293,512,316,540,336,527
1570548511,11.29,34.12,312,521,293,510,316,538,335,525
1570552637,11.34,34.12,313,522,293,511,316,539,336,526
1570556846,11.38,34.12,312,522,293,511,316,538,335,525
1570565402,11.16,34.12,313,522,293,511,316,539,336,526
1570569656,11.25,34.12,312,521,292,510,315,538,335,525
1570574038,11.38,34.12,312,520,292,509,315,537,334,524
1570578292,11.12,34.12,313,522,293,511,316,539,335,526
1570588940,11.07,34.12,313,523,293,512,317,540,336,527
1570593069,11.34,34.12,313,523,294,512,317,540,336,527
1570601573,10.77,34.12,313,522,293,511,316,539,335,526
1570605561,10.37,34.12,312,521,292,510,315,538,334,525
1570609861,10.98,34.17,313,522,293,511,316,539,335,526
1570614103,11.03,34.21,313,522,293,511,316,539,335,526
1570618264,11.2,34.25,316,528,296,517,320,546,340,533
1570622347,11.6,34.3,313,523,293,512,317,540,336,527
1570626437,11.25,34.38,312,522,293,511,316,539,335,526
1570630509,11.74,34.43,312,521,292,510,315,538,335,525
1570638720,11.56,34.51,315,526,295,515,319,544,339,531
1570651132,11.51,34.56,311,520,291,509,314,536,334,523
1570655238,11.65,34.56,312,521,292,510,315,538,335,525
